       18 STEPS PANTRY & SPICES — PRODUCT CATALOGUE,,,,
Product name,Brand/Variant,Pack size,Price,Offer/Stock
RICE,,,,
Black rice (Karuppu kavuni),Thulasi,1 Kg,4.6,
Idly Rice,Thulasi,1 Kg,9.15,
Mappillai Samba Rice (Bridegroom Red Rice),Thulasi,5 Kg,14.25,
Seeraga Samba Rice (Chittimutyalu Biyyam),Thulasi,5 Kg,30.5,
Seeraga Samba Rice (1Kg),Thulasi,1 Kg,7.4,
Ponni Boiled Rice (Usna Chawal),Thulasi/Manachanallur,5 Kg,15.25,
Ponni Boiled Rice,Thulasi/Thanjavur,5 Kg,15.25,1 Masala packet free
Sona Masoori Rice,Thulasi,5 Kg,11.7,
Matta Rice,Thulasi,5 Kg,13.2,Out of Stock
Everyday Basmati Rice,Thulasi,5 Kg,11.7,
Premium Basmati Rice,Pattu,5 Kg,15.25,
Premium Basmati Rice,India Gate ,5 Kg,23.4,Out of Stock
Jeerakasala Rice,Adukkala ,5 Kg,31.99,
,,,,
MILLETS,,,,
Finger Millet (Kezhvaraghu/Ragi/Ragulu/Nachni/Panjappullu),Thulasi,500g,3.6,
Pearl Millet (Kambu/Bajra/Saggalu/Sajje),Thulasi,1 Kg,6.1,
Barnyard Millet (Kuthiraivali/Sanwa/Odalu),Thulasi,1 Kg,6.4,
Little Millet (Saamai/Samalu/Kutki),Thulasi,1 Kg,6.1,
Kodo Millet (Varaghu/Arikelu/Kodra/Arka),Thulasi,1 Kg,6.1,
Proso Millet (Panivaragu/Varigalu/Cheena/Baragu),Thulasi,1 Kg,6.1,
Sorghum Millet (Cholam/Jonalu/Jowar/Jola),Thulasi,1 Kg,6.1,
,,,,
RAVA/FLOUR/DAL,,,,
Urid dal (White Split),Thulasi,1 Kg,5.05,
Black Urid Dal,Thulasi,1 Kg,5.2,
Toor dal,Thulasi,1 Kg,5.05,
Toor dal (5Kg),Thulasi,5 Kg,22.35,
Moong Dal,Thulasi,1 Kg,5.05,
Chana dal,Thulasi,1 Kg,4.6,
Chickpeas,Thulasi,1 Kg,4.35,
Horse Gram (Kollu/Ulavalu/Kulthi/Muthira/Hurali Kalu),Thulasi,1 Kg,6.65,
Dark Natural Cowpeas (Karamani/Alasandalu/Lobia/Vanpayar/Alasande Kalu),Thulasi,1 Kg,5.1,
Rice Flour,Thulasi,1 Kg,3.05,
Puttu Flour,Thulasi,1 Kg,3.95,
Red Rice Puttu Flour Mix,Thulasi,500g,3.6,
Split Roasted Gram (Putnalu/Dalia/Hurigadale),Thulasi,1 Kg,5.6,
Ragi/Finger Millet Flour,Thulasi,1 Kg,3.9,
Bansi Wheat Rava,Thulasi,1 Kg,5.1,
Peanuts,Thulasi,1 Kg,8.99,
Kidney beans (Rajma),Thulasi,1 Kg,6.8,
Chakki atta,Grewal,5 Kg,12.2,
Kozhukattai Flour (Kudumulu Pindi/Modak Atta/Kadabu Hittu),Thulasi,1 Kg,5,Get 1 Murukku Flour free
Murukku Flour (Chakli Hittu),Thulasi,500g,0,Free with Kozhukattai Flour
,,,,
VEGETABLE FRYUMS/PAPADS,,,,
Sun dried Sun berry (Manathakkali Vathal/Kamanchi Vathalu/Makoy Sukha/Ganike Soppu Vathal),Thulasi,100g,2.55,
Butter Chilli (Mor Milagaai/Majjiga Mirapakayalu/Dahi Mirchi),Thulasi,100g,2.55,
Sun dried Seasoning Fryum (Thaalippu vadagam/Popu Vadagalu/Tadka Vadagam/Oggarane Vadagam),Thulasi,100g,3.6,
Papad,Thulasi,300g,3.6,
,,,,
SPICES (WHOLE/GRIND),,,,
Turmeric Powder,Thulasi,500g,4.6,
Tamarind Seedless (Imli/Hunasehanu),Thulasi,500g,5.1,
ASAFOETIDA Powder (Hing),Thulasi,100g,4.35,
Coriander seeds (Sabut Dhania/Malli),Thulasi,500g,4.6,
Fenugreek Seeds (Menthulu/Methi Dana/Uluva),Thulasi,200g,2.15,
Fennel seeds (Saunf),Thulasi,500g,5.35,
Cumin seeds,Thulasi,500g,5.35,
Fenugreek Powder,Thulasi,200g,3.05,
Fennel Powder,Thulasi,200g,3.05,
Cumin Powder,Thulasi,200g,3.05,
Jaggery Round Balls (Gur Ki Bhel/Nadan Vellam),Thulasi,500g,3.05,
Powdered Jaggery (Gur Powder),Thulasi,500g,3.35,
Chilli Powder,Thulasi,500g,5.35,
Long chilli,Thulasi,200g,4.6,
Round Chilli,Thulasi,200g,5.6,
Kashmiri Chilli,Thulasi,200g,4.6,
Green Cardamom (Chhoti Elaichi),Thulasi,50g,6.2,
Cloves,Thulasi,50g,3.35,
Bay leaves,Thulasi,50g,3.35,
Sabudana small (Sago/Chowwary/Sabakki),Bansari,454g,2.3,
Salt,TATA,1Kg,1.99,
Mustard seeds,Viya,200g,1.65,
Mustard seeds,Surabhi,200g,1.65,
White Poppy seeds (Gasagasalu/Khas Khas),Viya,200g,6.65,
Whole Black pepper,Spark,100g,5.35,
Citron pickle,Telugu,300g,3.85,
Cut Mango pickle,Telugu,300g,3.85,
Gongura pickle,Telugu,300g,3.85,
,,,,
OIL/GHEE,,,,
Peanut Oil,Thulasi,1L,8.65,
Peanut Oil (2L),Thulasi,2L,16.8,
Peanut Oil (5L),Thulasi,5L,40.65,
Sesame Oil,Thulasi,1L,11.7,
Sesame Oil (2L),Thulasi,2L,22.9,
Sesame Oil (2L),Thulasi,5L,55.9,
Ghee,Thulasi,1L,15.25,
,,,,
MASALA POWDERS,,,,
Fish Fry Masala,Thulasi,165g,3.6,Buy 1 Get 1 Free
Mutton Masala,Thulasi,165g,3.6,Buy 1 Get 1 Free
Chicken Masala,Thulasi,165g,3.6,Buy 1 Get 1 Free
Sambar Powder,Thulasi,165g,3.6,Buy 1 Get 1 Free
Rasam Powder,Thulasi,165g,3.6,Buy 1 Get 1 Free
Idly Chilli Powder (Karam Podi),Thulasi,165g,3.6,Buy 1 Get 1 Free
Garam Masala,888,165g,3.6,Buy 1 Get 1 Free
Coriander Powder,Thulasi,165g,3.6,Buy 1 Get 1 Free
Veg Omelette Mix,Thulasi,160g,3.6,Buy 1 Get 1 Free
Parotta Salna Mix,Thulasi,100g,3.6,Buy 1 Get 1 Free
Hyderabadi Dum Biryani Masala,Thulasi,165g,3.6,Buy 1 Get 1 Free
Curry Leaf Powder,Thulasi,165g,3.6,Buy 1 Get 1 Free
,,,,
VERMICELLI,,,,
Ragi Vermicelli (Ragi Semiya),Thulasi,180g,3.7,Get 1 Rice Vermicelli Free with this
Rice Vermicelli (Chawal Ki Seviyan),Thulasi,180g,3.7,
,,,,
COFFEE/TEA/DRINKS,,,,
Kumbakonam Filter Coffee,,500g,12.75,
Instant coffee powder,Malabar Delightz,175g,6.1,
Original Instant Coffee,BRU,200g,12.75,
Masala tea,Malabar Delightz,200g,4.85,
Nannari Sarbath,888,750 ml,5,
,,,,
SNACKS and SWEETS,,,,
Kai Murukku (Kai Chakli),Grand Chettinadu,125g,4.1,"Buy any 2, Get 1 Free"
Kara Thattai (Chekkalu/Nippattu),Grand Chettinadu,125g,4.1,"Buy any 2, Get 1 Free"
Ragi Kara Thattai (Ragi Chekkalu/Ragi Nippattu),Grand Chettinadu,125g,4.1,"Buy any 2, Get 1 Free"
Pepper sev (Kali Mirch Sev),Grand Chettinadu,125g,4.1,"Buy any 2, Get 1 Free"
Mixture (Namkeen),Grand Chettinadu,125g,4.1,Out of Stock
Jaggery Mysoorpak,Grand Chettinadu,150g,5.5,
Mysoorpak,Grand Chettinadu,150g,5.5,
Adhirasam (Ariselu/Anarsa/Kajjaya),Grand Chettinadu,180g,5.5,
Sugar Balls (Thaen mittai/Mitha Gola/Jeenu Mittai),Grand Chettinadu,90g,5.5,
Elaneer Halwa (Tender Coconut Sweet/Nariyal Halwa),Grand Chettinadu,150g,5.5,
Tirunelveli Halwa,Grand Chettinadu,150g,5.6,
Peanut Coco bites,,150g,3.6,
Black sesame Balls (Nalla Nuvvula Laddu/Kale Til Ke Laddu),,150g,3.6,
Peanut Candy (Palli Patti/Moongphali Chikki/Shenga Chikki),,150g,4.6,Out of Stock
